{
  "id": "",
  "name": "",
  "font_family": "iconfont",
  "css_prefix_text": "icon-",
  "description": "",
  "glyphs": [
    {
      "icon_id": "425644",
      "name": "在线客服",
      "font_class": "zaixiankefu",
      "unicode": "e624",
      "unicode_decimal": 58916
    },
    {
      "icon_id": "446560",
      "name": "99元包邮",
      "font_class": "99yuanbaoyou",
      "unicode": "e606",
      "unicode_decimal": 58886
    },
    {
      "icon_id": "446589",
      "name": "全国联保",
      "font_class": "quanguolianbao",
      "unicode": "e617",
      "unicode_decimal": 58903
    },
    {
      "icon_id": "476283",
      "name": "icon正品",
      "font_class": "iconzhengpin",
      "unicode": "e640",
      "unicode_decimal": 58944
    },
    {
      "icon_id": "1005794",
      "name": "OPPO",
      "font_class": "changyonglogo36",
      "unicode": "e721",
      "unicode_decimal": 59169
    },
    {
      "icon_id": "1115094",
      "name": "支付宝",
      "font_class": "zhifubao",
      "unicode": "e64b",
      "unicode_decimal": 58955
    },
    {
      "icon_id": "1403427",
      "name": "oppo",
      "font_class": "oppo",
      "unicode": "e82d",
      "unicode_decimal": 59437
    },
    {
      "icon_id": "1546598",
      "name": "微博",
      "font_class": "weibo",
      "unicode": "e699",
      "unicode_decimal": 59033
    },
    {
      "icon_id": "3239736",
      "name": "退货处理",
      "font_class": "tuihuochuli",
      "unicode": "e608",
      "unicode_decimal": 58888
    },
    {
      "icon_id": "3849908",
      "name": "换货",
      "font_class": "huanhuo",
      "unicode": "e607",
      "unicode_decimal": 58887
    },
    {
      "icon_id": "7055665",
      "name": "网络",
      "font_class": "wangluo",
      "unicode": "e735",
      "unicode_decimal": 59189
    },
    {
      "icon_id": "7550276",
      "name": "商城",
      "font_class": "shangcheng",
      "unicode": "e69a",
      "unicode_decimal": 59034
    },
    {
      "icon_id": "10121087",
      "name": "网点查询",
      "font_class": "wangdianchaxun",
      "unicode": "e611",
      "unicode_decimal": 58897
    }
  ]
}
